issue,category,priority,resolution,success_rate,ticket_count
VPN not connecting after certificate update,Network,High,"1. Open VPN client settings\n2. Navigate to certificate management\n3. Import new certificate from IT portal\n4. Restart VPN service\n5. Test connection",0.92,45
Outlook keeps crashing on startup,Email,High,"1. Close Outlook completely via Task Manager\n2. Navigate to %localappdata%\Microsoft\Outlook\n3. Delete all .ost files\n4. Restart Outlook - it will rebuild the cache\n5. If issue persists create new profile",0.88,38
Printer not responding to print jobs,Hardware,Medium,"1. Open Services (services.msc)\n2. Restart Print Spooler service\n3. Clear print queue in Control Panel > Devices\n4. Remove and re-add printer\n5. Update printer driver from manufacturer website",0.85,52
Laptop running extremely slow,Software,Medium,"1. Open Task Manager check CPU/RAM usage\n2. Disable unnecessary startup programs\n3. Run Disk Cleanup utility\n4. Check for Windows updates\n5. Run full antivirus scan\n6. If RAM usage consistently high consider upgrade",0.78,67
Unable to access shared network drive,Network,High,"1. Verify network cable connection or WiFi\n2. Try accessing via \\server-name\share-name\n3. Run 'net use' in cmd to check mapped drives\n4. Disconnect and reconnect mapped drive\n5. Check Active Directory permissions with IT",0.91,41
Microsoft Teams audio not working,Software,Medium,"1. Close Teams completely\n2. Check Windows sound settings - ensure correct output device\n3. In Teams settings verify audio device selection\n4. Run Teams audio troubleshooter\n5. Update audio drivers\n6. Reinstall Teams if needed",0.82,29
Password reset needed - locked out of account,Account,Critical,"1. Use self-service password reset portal at password.company.com\n2. Verify identity with security questions or authenticator app\n3. Create new password meeting complexity requirements\n4. Update password on all devices\n5. If locked contact helpdesk for manual unlock",0.95,103
Blue screen error on startup,Hardware,Critical,"1. Note error code from BSOD\n2. Boot into Safe Mode\n3. Update all drivers especially graphics and chipset\n4. Run Windows Memory Diagnostic\n5. Check for disk errors with chkdsk\n6. If persists may need hardware replacement",0.71,22
WiFi constantly disconnecting,Network,Medium,"1. Update WiFi adapter driver\n2. Forget network and reconnect\n3. Change WiFi power management - disable 'allow computer to turn off'\n4. Change router channel if in congested area\n5. Test with ethernet to isolate WiFi issue",0.86,58
Cannot install software - insufficient permissions,Software,Low,"1. Check if software is in company approved list\n2. Submit software request ticket\n3. For approved software use Software Center (Windows) or Self Service (Mac)\n4. If urgent contact IT for temporary admin rights",0.93,34
Monitor display flickering,Hardware,Low,"1. Check cable connections - try different cable\n2. Update graphics driver\n3. Adjust refresh rate in display settings\n4. Test monitor on different computer to isolate issue\n5. Replace monitor if hardware fault confirmed",0.79,19
Email attachments not opening,Email,Medium,"1. Check file extension is allowed by company policy\n2. Try saving attachment to disk first\n3. Scan attachment with antivirus\n4. Check if correct application is installed for file type\n5. Try different email client or webmail\n6. Contact sender for different format",0.84,31
Remote desktop connection failing,Network,High,"1. Verify VPN connection is active\n2. Confirm target computer is powered on\n3. Check RDP is enabled on target PC\n4. Try connecting via IP address instead of hostname\n5. Check firewall settings allow RDP\n6. Verify credentials are correct",0.87,46
Excel file corrupted cannot open,Software,Medium,"1. Try Open and Repair in Excel\n2. Check for temp files with ~ prefix\n3. Try opening in Excel Online\n4. Use file recovery tool\n5. Restore from backup or OneDrive version history\n6. If critical data contact IT for advanced recovery",0.76,27
Webcam not working in video calls,Hardware,Medium,"1. Check physical webcam privacy shutter is open\n2. Verify webcam permissions in Windows Settings\n3. Close other apps using webcam\n4. Update webcam driver\n5. Test webcam in Camera app to isolate app-specific issue\n6. Try external webcam if built-in faulty",0.89,42
MFA authentication app not working,Account,High,"1. Check phone time is synced correctly\n2. Remove and re-add account in authenticator app\n3. Use backup codes if available\n4. Try different MFA method (SMS or phone call)\n5. Contact IT to reset MFA enrollment",0.90,36
Computer won't wake from sleep,Hardware,Medium,"1. Press power button briefly\n2. Check power settings - disable hybrid sleep\n3. Update chipset and graphics drivers\n4. Disable 'fast startup' in power options\n5. Check for Windows updates\n6. If persistent disable sleep mode",0.83,25
OneDrive not syncing files,Software,Medium,"1. Check OneDrive icon for sync status\n2. Verify internet connection\n3. Pause and resume sync\n4. Check storage quota not exceeded\n5. Reset OneDrive: Settings > Account > Unlink > Re-link\n6. Reinstall OneDrive app",0.88,53
Keyboard keys not working,Hardware,Low,"1. Test keyboard on different computer\n2. Try external keyboard to confirm hardware fault\n3. Check for stuck keys or debris\n4. Update keyboard driver\n5. For laptop keyboard replacement contact IT\n6. Check language/input settings if typing wrong characters",0.81,18
Cannot access company portal,Network,High,"1. Clear browser cache and cookies\n2. Try different browser\n3. Check VPN is connected\n4. Verify URL is correct\n5. Try incognito mode\n6. Check if account is locked\n7. Contact IT if portal is down for maintenance",0.92,44
Antivirus blocking legitimate software,Software,Medium,"1. Verify software is company-approved\n2. Add exception in antivirus settings\n3. Submit false positive report to security team\n4. Use IT-approved workaround if available\n5. Wait for antivirus definition update",0.85,23
Mouse cursor jumping or erratic,Hardware,Low,"1. Clean mouse sensor and surface\n2. Try different mouse pad or surface\n3. Update mouse driver\n4. Test different USB port\n5. Replace mouse batteries if wireless\n6. Try different mouse to confirm hardware issue",0.87,16
Zoom video freezing during meetings,Software,Medium,"1. Close unnecessary applications\n2. Switch from WiFi to ethernet if possible\n3. Lower video quality in Zoom settings\n4. Disable HD video\n5. Update Zoom to latest version\n6. Check network bandwidth with speed test\n7. Restart router",0.80,39
Cannot map network printer,Hardware,Medium,"1. Ensure on company network or VPN\n2. Add printer via \\printserver\printername\n3. Install printer driver from IT portal\n4. Verify printer permissions with IT\n5. Try adding as TCP/IP printer with IP address\n6. Check print server is accessible",0.86,32
Application freezing frequently,Software,Medium,"1. Check if app is up to date\n2. Clear app cache and temp files\n3. Run app as administrator\n4. Check for conflicting software\n5. Increase virtual memory\n6. Reinstall application\n7. Check event viewer for specific errors",0.77,28